,jobid,jobsposition,jobskills,usersposition,jobskills_no,common_skills_no,match_score,userskills,userid
15,3030,Backend Developer,"api, aws, google cloud, java, mongodb, node.js, python",Backend Developer,7,5,119.42857142857143,"android, javascript, python, postgresql, mongodb, docker, devops, react.js, rest api, mysql, go lang, express.js, redis, etl, linux servers administration, es6, kubernetes, django rest, graphql, php, java, git, aws, react native, google cloud",672741
28,3030,Backend Developer,"api, aws, google cloud, java, mongodb, node.js, python",Backend developer.,7,4,112.86800513075404,"javascript, spring, jsf, hibernate, jpa, soap, node.js, mongodb, jboss, spring mvc, spring batch, tomcat, oracle db, spring boot, rest api, spring security, spring data, jersey, spring cloud, netflix oss, queues, java, aws",603919
27,3030,Backend Developer,"api, aws, google cloud, java, mongodb, node.js, python",back-end developer,7,4,113.17856413696524,"sql server, scrum, javascript, spring, html5, hibernate, node.js, mongodb, visual basic, agile, web api, jenkins, devops, rest api, mariadb, problem solving, microservices, front end, api, entity framework, oracle pl/sql, centura, c#, backend development, angular, java, git, .net",645867
26,3030,Backend Developer,"api, aws, google cloud, java, mongodb, node.js, python",Back end Developer,7,4,113.17856413696524,"javascript, spring, web development, node.js, mongodb, design patterns, web services, software development, software engineering, devops, soa, sharepoint, spring data, tfs, solutions architecture, api, system analysis, process improvement, swagger, instructor, linux, mulesoft, angular, java, jquery, git, spring webflux, open api",645329
23,3030,Backend Developer,"api, aws, google cloud, java, mongodb, node.js, python",back-end developer,7,4,113.79080903492442,"android, sql, python, laravel, mvc, postgresql, web development, mongodb, oop, github, apache, agile, agile methodologies, rest api, team leadership, django, mysql, microservices, leadership, gitlab, firebase, api, heroku, flask, nosql, product management, team management, kotlin, algorithms, nosql databases, saas, test-driven development (tdd), android volley api, sqlalchemy, git repository, swagger, django rest, data structures, web applications, lead developer, dart, git flow, backend development, relational database, productivity improvement, php, git, aws, flutter",676969
18,3030,Backend Developer,"api, aws, google cloud, java, mongodb, node.js, python",Backend Developer,7,4,116.2126245847176,"android, tdd, scrum, javascript, python, testing, postgresql, oop, github, docker, devops, react.js, kanban, memcached, agile methodologies, rest api, django, redis, api, heroku, startups, celery, flask, continuos deployment, digital ocean, c#, puppet, gunicorn, sqlalchemy, django rest, web applications, shell, backend development, mobile application development, ci/cd automation, System Administration, automated testing, php, java, git, aws, twilio, experience working for a startup company",642839
17,3030,Backend Developer,"api, aws, google cloud, java, mongodb, node.js, python",Back End Developer,7,5,116.62012257852368,"azure, javascript, python, laravel, c, c++, mvc, html, codeigniter, node.js, socket.io, databases, vue.js, mysql, redis, heroku, jsp and servlets, php, java, git, aws, google cloud",662541
16,3030,Backend Developer,"api, aws, google cloud, java, mongodb, node.js, python",Back-end developer,7,5,117.93131138971248,"android, azure, sql, sql server, javascript, python, laravel, zend framework, spring, mvc, bootstrap, json, postgresql, hibernate, jpa, web development, mongodb, design patterns, xml, oop, twitter bootstrap, apache, software development, docker, web api, unix, programming, rest api, django, software developer, mysql, typescript, api, nosql, oauth2, c#, test-driven development (tdd), ASP.Net Core, unit testing, django rest, web applications, ajax, linux, backend development, eclipse, angular, php, java, jquery, git, aws, .net",650909
33,3030,Backend Developer,"api, aws, google cloud, java, mongodb, node.js, python",Backend Developer,7,3,110.85714285714286,"c++, node.js, docker, programming, go lang, redis, matlab, microsoft excel, kafka, data structures, linux, photoshop, php, java, aws",671115
31,3030,Backend Developer,"api, aws, google cloud, java, mongodb, node.js, python",Backend Developer,7,3,111.82266009852215,"android, ruby on rails, javascript, python, c, c++, testing, html5, bootstrap, postgresql, ios, css3, delphi, mongodb, github, bitbucket, jenkins, linux sysadmin, django, my sql, gitlab, amazon web services, flask, linux kernel, digital ocean, linux, angular, jquery, aws",637896
62,3018,Backend NodeJS Developer,"angular, http, javascript, node.js, react.js, rest api, typescript",Full-stack and mobile developer,7,6,100.59437636278359,"android, azure, sql, sql server, javascript, english, mvc, html, bootstrap, json, ios, css, node.js, xml, sass, docker, web api, devops, react.js, gulp, rest api, xamarin, scss, software developer, microservices, front end, ASP.Net MVC, typescript, redis, mobile development, api, startups, nosql, webpack, lean startup, entity framework, algorithms, redux, c#, es6, ASP.Net Core, es7, ecmascript, ood, data structures, web applications, full stack, dart, angular, .net, react native, flutter, flutter, flutter",666659
47,3018,Backend NodeJS Developer,"angular, http, javascript, node.js, react.js, rest api, typescript",Front-end Web Developer,7,6,102.52320756288722,"sql, javascript, html5, bootstrap, css3, node.js, less, sass, agile, jira, react.js, gulp, rest api, typescript, express.js, code review, webpack, responsive layout, redux, c#, websockets, flux, ajax, git flow, angular, jquery, git, webrtc",672339
50,3018,Backend NodeJS Developer,"angular, http, javascript, node.js, react.js, rest api, typescript",Senior web developer backend,7,4,101.85634870742597,"android, scrum, javascript, uml, html5, postgresql, css3, soap, node.js, mongodb, design patterns, apache, react.js, rest api, vue.js, go lang, open source, perl, webpack, linux, php, java, jquery, git",664218
45,3018,Backend NodeJS Developer,"angular, http, javascript, node.js, react.js, rest api, typescript",Back-end Developer,7,5,103.6121593216773,"javascript, html5, bootstrap, json, postgresql, css3, node.js, mongodb, sass, j2ee, maven, react.js, oracle db, rest api, my sql, semantic ui, webpack, protractor, mochajs, mean, karma, reactivex (rxjava, rxphp, rxswift), redux, saas, es6, d3.js, jasmine framework, babeljs, ajax, angular, java, jquery, git",653463
56,3018,Backend NodeJS Developer,"angular, http, javascript, node.js, react.js, rest api, typescript","Front-end, Back-end, iOS developer",7,5,101.26148682965251,"javascript, wordpress, laravel, html5, json, postgresql, css3, node.js, sass, objective-c, react.js, gulp, rest api, my sql, scrum master, angular, php, git, aws",635756
55,3018,Backend NodeJS Developer,"angular, http, javascript, node.js, react.js, rest api, typescript",Front End Developer,7,6,101.27346414816768,"sql, ruby on rails, scrum, javascript, bootstrap, css3, node.js, mongodb, grunt, react.js, gulp, kanban, rest api, ilustrator, typescript, express.js, redis, communication, heroku, webpack, redux, es6, travis ci, writing, babeljs, agile and kanban process, photoshop, graphql, angular, jquery, git, react native",665640
59,3018,Backend NodeJS Developer,"angular, http, javascript, node.js, react.js, rest api, typescript",Senior Back End developer,7,3,100.96303164171499,"sql server, scrum, javascript, node.js, mongodb, oracle db, rest api, ASP.Net MVC, entity framework, mongoose, .net",649734
44,3018,Backend NodeJS Developer,"angular, http, javascript, node.js, react.js, rest api, typescript",Senior Backend Developer,7,3,104.41964285714285,"javascript, spring, java sdk 1.5 1.6 1.7 and 1.8, html5, bootstrap, json, postgresql, hibernate, css3, soap, design patterns, spring mvc, tomcat, servlets, maven, react.js, npm, spring boot, rest api, spring data, my sql, velocity, thymeleaf, activiti developer, linux, backend development, eclipse, php, jquery, git, aws, spring repositories",668069
60,3018,Backend NodeJS Developer,"angular, http, javascript, node.js, react.js, rest api, typescript",Web and Mobile Developer,7,6,100.71428571428571,"javascript, wordpress, laravel, html, bootstrap, css, node.js, less / sass, sass, ionic framework, prototype, react.js, rest api, mysql, front end, typescript, express.js, webpack, linux, organic seo, angular, php, jquery, git",679282
43,3018,Backend NodeJS Developer,"angular, http, javascript, node.js, react.js, rest api, typescript",Senior Backend Developer,7,3,104.83990147783251,"sql, sql server, scrum, javascript, spring, english, mvc, html, bootstrap, json, postgresql, hibernate, ejb, jpa, css, soap, pl/sql, data modeling and systems analysis, mongodb, xml, jboss, spring mvc, svn, junit, maven, jenkins, oracle db, tomcat server, rest api, oracle application-plsql, sql and oracle pl/sql developer, hadoop, portuguese, spring data, mysql, database design, api, spring jdbc, activemq, oc4j, wildfly, oracle forms, oracle reports, jax-rs, sql and pl/sql tuning, tsql, jax-ws, hive, impala, sql query, jsp and servlets, linux, relational database, eclipse, angular, java, git, tws",638199
87,3004,Cloud DevOps Specialist,"aws, jboss, linux, perl, python",Full Stack Developer,5,3,90.48253609468273,"tdd, ddd, ruby on rails, sql server, scrum, javascript, python, uml, wcf, nhibernate, html5, bootstrap, postgresql, css3, node.js, crystal reports, mongodb, visual basic, jquery mobile, phonegap, cordova, spring batch, gulp/grunt, svn, docker, web api, jira, jenkins, react.js, kanban, bower, oracle db, backbone.js, spring boot, my sql, tfs, visio, express.js, es2015, doctrine, heroku, confluence, protractor, erwin, entity framework, enterprise architecture, c#, sql server integration server, reporting services, bdd - behavior-driven development, pentaho data integration, nuget, linq, pandas, jquery ui, odi, django rest, ajax, linux, angular, php, java, jquery, git, aws",653066
86,3004,Cloud DevOps Specialist,"aws, jboss, linux, perl, python",Software Development Consultant,5,4,90.49895029989507,"sql, sql server, javascript, python, zend framework, spring, mvc, html5, json, postgresql, hibernate, soap, node.js, mongodb, xml, oop, svn, j2ee, tomcat, web services, maven, jira, bash script, jenkins, devops, npm, spring boot, rest api, jmeter, vue.js, jms, team leadership, django, my sql, digital signature, ant, perl, test automation, jboss 4.2 / 5 / 6, saas, unit testing, hudson, biometrics, linux, digital certificate, php, java, jquery, git, aws",674150
77,3004,Cloud DevOps Specialist,"aws, jboss, linux, perl, python",Senior Full Stack Developer,5,3,92.52448969857342,"sql, sql server, scrum, javascript, python, uml, java patterns, c++, html, jsf, jsp, jpa, pl/sql, itil, oop, junit, j2ee, web services, agile, xsd, react.js, oracle db, soa, agile methodologies, agile project management, rest api, bpm, team leadership, mysql, database design, problem solving, e-commerce, continuous integration, leadership, mba, architecture, jstl, cvs, cloud computing, usability testing, nosql, object oriented analysis and design, continuos deployment, product management, oracle forms, oracle reports, enterprise architecture, algorithms, bluemix, jax-ws, people management, ibm integration bus, web applications, full stack, linux, filenet, ibm filenet, backend development, project management, angular, java, aws",677086
90,3004,Cloud DevOps Specialist,"aws, jboss, linux, perl, python",Full Stack Developer,5,3,90.19407455622118,"android, sql, javascript, python, laravel, spring, uml, postgresql, jsf, hibernate, ejb, jpa, pl/sql, mongodb, svn, junit, tomcat, jboss application server, iphone, ionic framework, oracle db, Big Data, hadoop, cluster, cassandra, perl, business analysis, obiee, cloudera, powerpoint, pig, hive, jupyter, linux, business development, apache spark, php, java, jquery, git",679992
84,3004,Cloud DevOps Specialist,"aws, jboss, linux, perl, python",Linux Specialist / AWS SysOps / DevOps,5,3,90.6802036459693,"python, hardware, docker, ansible, bash script, jenkins, devops, firewall, iptables firewall, infrastructure, sonicwall, dell servers, linux servers administration, network administration, cisco routers, cisco switches, kubernetes, netapp, linux, vmware esxi, bacula, elk stack, git, aws",664957
82,3004,Cloud DevOps Specialist,"aws, jboss, linux, perl, python",Developer - Devops,5,4,91.02617242421941,"sql, javascript, python, spring, java sdk 1.5 1.6 1.7 and 1.8, html, json, jpa, agile development methodology, soap, design patterns, word, excel, xml, visual basic, spring mvc, github, bitbucket, maven, software development, java me, agile, docker, test planning and test script, bash script, devops, infrastructure, spring boot, rest api, gradle, ant, maven knowledge, nginx, jmeter, shell script, spring data, software developer, design thinking, mysql, microservices, software architecture, itil v3 foundation, pci, gitlab, amazon web services, ant, office 365, management, mind mapping, software configuration management, perl, mockito, test automation, test case, istqb's ctfl, ireb's cpre-fl, linux servers administration, gradle, software development using biometry, powerpoint, c#, visual studio code, payments, test-driven development (tdd), smartcard, spring jpa, spring amqp, reports, test design, biometrics, agile and kanban process, requirements analysis, agile & waterfall methodologies, apache maven, json, linux, agile - intermediate, management of projetct, git flow, shell, amazon ec2, java, git, aws",663574
73,3004,Cloud DevOps Specialist,"aws, jboss, linux, perl, python",DevOps & Cloud Infrastructure Specialist,5,3,95.47664822723318,"sql, python, english, node.js, windows, github, bitbucket, docker, ansible, jenkins, devops, firewall, virtualization, zabbix, memcached, nginx, my sql, microservices, redis, cloud computing, elasticsearch, activemq, rds, load balance, kafka, kubernetes, linux, containerization, ci/cd automation, java, git, aws, terraform, grafana, lambda windows, lambda, pagerduty, datadog, sap cloud services",645932
74,3004,Cloud DevOps Specialist,"aws, jboss, linux, perl, python",DevOps Analyst,5,5,93.24746612188301,"azure, sql server, javascript, python, english, postgresql, windows, jboss, apache, tomcat, jenkins, iis, mac os, vmware, vb6, nginx, vba, office 365, perl, linux, relational database, php, java, git, aws, french",661455
89,3004,Cloud DevOps Specialist,"aws, jboss, linux, perl, python",Full Stack Developer,5,3,90.21236723914802,"azure, scrum, javascript, uml, html5, bootstrap, css3, finacial management, jboss, github, apache, maven, docker, jira, mac os, kanban, oracle db, rest api, my sql, open source, architecture, joomla, api, confluence, wildfly, titanium, mobile applications, team foundation server, Magento Developer, oriented object, moodle admin, moodle development, linux, organic seo, ci/cd automation, angular, php, java, git, aws, react native",666730
78,3004,Cloud DevOps Specialist,"aws, jboss, linux, perl, python",Cyber Security Professional,5,3,91.89724955520425,"python, github, agile, docker, bash script, jenkins, devops, network, firewall, network security, nginx, security assessment and testing, security operations, cloud computing, startups, web application security, network infrastructure, siem, cyber security, linux, network protocols, network engineering, ci/cd automation, System Administration, git, aws, terraform",657876
40,2946,Game Developer,"c, c++, game development, unity",Game developer,4,1,106.5,"unity, unity 2d, art direction, game design, blender 3d, c#, game art, level design, unity3d - basic, unity ios",644001
41,2946,Game Developer,"c, c++, game development, unity",GAME DEVELOPER,4,1,105.5,"unity, programming, game design, artificial intelligence, level design",656272
24,2946,Game Developer,"c, c++, game development, unity",Game Developer,4,2,113.33333333333334,"android, ruby on rails, javascript, unity, c++, html5, ios, xamarin, unreal engine, windows phone development, c#, php",635915
30,2946,Game Developer,"c, c++, game development, unity",Game Developer,4,2,112.5,"unity, c++, unreal engine, mobile development, game design, construct2, c#, java",636557
11,2946,Game Developer,"c, c++, game development, unity",Game Developer,4,3,121.30000000000001,"sql server, scrum, unity, c++, html5, web development, node.js, mongodb, maya, software engineering, agile, react.js, game development, my sql, unreal engine, sqlite, unreal engine blue print, system analysis, mongoose, c#, project management, angular, git, .net, react native",673298
32,2946,Game Developer,"c, c++, game development, unity",Game Developer,4,2,111.0,"javascript, unity, c++, c#, php",635600
19,2946,Game Developer,"c, c++, game development, unity",Game Developer,4,3,115.0,"unity, c++, game development, c#",681521
22,2946,Game Developer,"c, c++, game development, unity",Game Developer,4,2,113.88888888888889,"wordpress, c++, microsoft office, electronic, html5, unity 2d, after effects, game development, ilustrator, unreal engine, unreal engine blue print, blender 3d, animation, c#, game art, corel draw, photoshop, java",644525
13,2946,Game Developer,"c, c++, game development, unity",Game Developer,4,3,120.92105263157893,"sql, ruby on rails, unity, c++, unity 2d, digital art, flash, word, excel, visual studio, ux, game development, inkscape, game design, powerpoint, c#, latex, unity3d - basic, php",673203
29,2946,Game Developer,"c, c++, game development, unity",Game Developer,4,2,112.77777777777779,"android, python, unity, c++, japanese, django, unreal engine, c#, java",638959
75,2967,Mobile Developer (React Native),"gradle, javascript, jenkins, jest, react native, typescript, xcode",Mobile Consultant & Mobile Developer,7,4,93.11553505807014,"android, sql, scrum, javascript, html5, json, swift, ios, design patterns, xml, objective-c, rest api, continuous integration, api, cocoapods, xcode, test automation, gradle, c#, retrofit, test-driven development (tdd), travis ci, unit testing, watchos, eslint, architectural patterns, java, git, react native",636001
81,2967,Mobile Developer (React Native),"gradle, javascript, jenkins, jest, react native, typescript, xcode",Senior Full Stack Developer,7,4,91.32795676801679,"sql server, javascript, spring, postgresql, css, mongodb, github, sass, docker, jenkins, mac os, react.js, npm, databases, subversion (tortoisesvn), spring boot, scss, front end, architecture, estimation, webpack, continuos deployment, android api, gradle, redux, apache tomcat, es6, intellij, yarn, babeljs, agile and kanban process, apache maven, eclipse, java, react native",653853
58,2967,Mobile Developer (React Native),"gradle, javascript, jenkins, jest, react native, typescript, xcode",React Native Developer,7,4,101.05621376377611,"sql server, scrum, javascript, delphi, front end, mobile development, animation, mobile design, startups, xcode, mobile applications, gradle, redux, c#, es6, flexbox, full stack, Independent Worker, mobile application development, git, react native",677492
42,2967,Mobile Developer (React Native),"gradle, javascript, jenkins, jest, react native, typescript, xcode",Mobile Developer (React Native),7,2,105.23809523809524,"javascript, node.js, entrepreneurship, express.js, startups, react native",671514
83,2967,Mobile Developer (React Native),"gradle, javascript, jenkins, jest, react native, typescript, xcode",Native Mobile Developer,7,1,90.80782351498408,"android, javascript, english, bootstrap, css, node.js, android api, android studio, php, java",680828
91,2967,Mobile Developer (React Native),"gradle, javascript, jenkins, jest, react native, typescript, xcode",Backend developer | It generalist,7,2,89.91397849249127,"javascript, node.js, mongodb, react.js, vb6, rest api, express.js, lotus domino, mongoose, java, react native",665178
94,2967,Mobile Developer (React Native),"gradle, javascript, jenkins, jest, react native, typescript, xcode","Software Developer, BSc, CTFL",7,4,89.46360062227056,"android, sql, scrum, javascript, python, html5, bootstrap, json, web development, css3, agile development methodology, node.js, xml, junit, apache, maven, software development, test planning and test script, trac, jenkins, unix, react.js, virtualization, rest api, nginx, quality assurance, version controll, software architecture, continuous integration, selenium, express.js, gitlab, mobile development, ant, cloud computing, computer science, heroku, nosql, testlink, test management, test automation, mean, gradle, mantis, manual testing, requirement gathering, tuleap, gerrit, robotium, requirements analysis, linux, angular, java, jquery, aws, react native",641805
95,2967,Mobile Developer (React Native),"gradle, javascript, jenkins, jest, react native, typescript, xcode",Senior Java Developer,7,3,89.08785321568487,"sql server, javascript, java sdk 1.5 1.6 1.7 and 1.8, html5, hibernate, spring mvc, spring batch, github, bitbucket, svn, j2ee, struts, jenkins, oracle db, backbone.js, spring boot, jaspersoft reports, gradle, ant, maven knowledge, my sql, db2, extjs, cloud computing, websphere application server, spring jdbc, findbugs, apache tomcat, jfrog artifactory, jdeveloper, intellij, pmd, agile & waterfall methodologies, jsp and servlets, ajax, eclipse, angular, jquery",669054
76,2967,Mobile Developer (React Native),"gradle, javascript, jenkins, jest, react native, typescript, xcode",Front End/React Native Developer,7,3,93.09471429475002,"scrum, javascript, html5, bootstrap, css3, materialize, less, sass, ionic framework, react.js, gulp, typescript, jade, jasminejs, firebase, webpack, protractor, redux, progressive web apps, ecmascript, eslint, babeljs, angular, jquery, react native",651799
49,2967,Mobile Developer (React Native),"gradle, javascript, jenkins, jest, react native, typescript, xcode",Senior Mobile App Developer,7,5,102.22066260739501,"android, azure, sql, sql server, scrum, javascript, laravel, mvc, html5, bootstrap, json, postgresql, hibernate, swift, ios, agile development methodology, node.js, design patterns, oop, cordova, visual studio, github, bitbucket, svn, web services, agile, docker, web api, jenkins, oracle db, soa, agile methodologies, sharepoint, rest api, xamarin, my sql, database design, software architecture, continuous integration, ASP.Net MVC, typescript, nosql, rabbit mq, mvvm, xcode, entity framework, mobile applications, android api, algorithms, nosql databases, c#, visual studio code, xamarin forms, ios native framework, ASP.Net Core, continuous delivery, web applications, mobile application development, android studio, angular, php, java, jquery, git, .net, react native",664882
34,3020,Senior Front End Engineer,"angular, css, html, javascript, react.js",Senior Software Engineer,5,4,110.77057738310701,"sql, scrum, javascript, python, wordpress, laravel, mvc, html, bootstrap, postgresql, css, node.js, data modeling and systems analysis, design patterns, excel, xml, oop, visual studio, bitbucket, web services, ionic framework, docker, web api, jira, bash script, jenkins, devops, dns, mac os, react.js, npm, databases, ember.js, trello, rest api, webdesign, data integration - enterprise, nginx, django, design thinking, mysql, database design, microservices, software architecture, front end, workflow, selenium, leadership, open source, express.js, es2015, redis, firebase, sqlite, amazon web services, communication, heroku, flask, nosql, coding and modularization, clean code, mvvm, continuos deployment, coaching, public speaking, teaching, digital ocean, performance optimization, team player, couchbase, ipython, ssh, bdd - behavior-driven development, test-driven development (tdd), es6, embedded systems, software security, travis ci, object oriented design, postman, integration test, websockets, unit testing, yarn, babeljs, software designer, web server, decision making, sdlc practices, ajax, linux, trainer, git flow, backend development, relational database, http, training & mentoring, ci/cd automation, eclipse, php, jquery, git, aws",658341
20,3020,Senior Front End Engineer,"angular, css, html, javascript, react.js",Senior Frontend Engineer,5,3,114.81799437655806,"scrum, javascript, python, english, html5, node.js, mongodb, sass, jira, ui, react.js, single-­page applications, my sql, front end, selenium, ionic2, lean startup, canvas, web applications, graphql, angular, react native",672159
38,3020,Senior Front End Engineer,"angular, css, html, javascript, react.js",Senior Software Engineer,5,4,110.34260036705788,"sql, javascript, spring, weblogic, html, json, postgresql, hibernate, css, pl/sql, node.js, mongodb, design patterns, xml, github, svn, junit, tomcat, maven, agile, jira, jenkins, oracle db, databases, agile methodologies, rest api, mysql, database design, microservices, typescript, neo4j, architecture, elasticsearch, nosql, spark, idea, algorithms, kafka, agile and kanban process, agile & waterfall methodologies, full stack, linux, backend development, ci/cd automation, angular, java, git, aws, ruby",645580
37,3020,Senior Front End Engineer,"angular, css, html, javascript, react.js",Senior Software Engineer,5,4,110.40420991653804,"sql, scrum, javascript, spring, hibernate 3 and 4, c++, html, json, jsp, hibernate, ejb, jpa, web development, css, node.js, mongodb, grunt, less, socket.io, junit, j2ee, servlets, maven, agile, groovy, grails, npm, jee, rest api, jms, selenium, express.js, firebase, elasticsearch, mockito, sse, highcharts, spock, gradle, adobe flex, c#, scrum fundamentals certified credential, flexbox, websockets, koajs, groovy (grails), ajax, linux, angular, php, java, jquery, .net",533445
36,3020,Senior Front End Engineer,"angular, css, html, javascript, react.js",Senior Front End Engineer,5,2,110.57142857142857,"sql, ruby on rails, python, html5, css3, node.js, mongodb, react.js, rest api, quality assurance, webpack, redux, es6, angular",672744
35,3020,Senior Front End Engineer,"angular, css, html, javascript, react.js",Senior Software Engineer,5,4,110.71936645810968,"tdd, azure, sql, sql server, scrum, javascript, mvc, wcf, html, bootstrap, css, agile development methodology, node.js, google analytics, twitter bootstrap, visual studio, gulp/grunt, github, bitbucket, svn, web services, software development, agile, web api, jira, web design responsive, web forms, gulp, kanban, single-­page applications, web standards, databases, agile methodologies, trello, rest api, scss, vue.js, software developer, mysql, front end, tfs, selenium, typescript, gitlab, knockoutjs, accessibility, api, integration services, microsoft dynamics, webpack, telerik, lambda expressions, ionic2, activemq, entity framework, sql server management studio, oauth2, redux, c#, visual studio code, es6, mvc 4 & 5, ASP.Net Core, material design, object oriented design, git repository, es7, sso, scaffolding, sql query, agile and kanban process, auth0, ajax, mvc - advanced, asp.net ajax control toolkit, oops, angular, automated testing, jquery, git, aws, .net, stripe, javascr, flex api, mysql, ms sql, axe tool, wave tool, ngrx store, asana",663181
25,3020,Senior Front End Engineer,"angular, css, html, javascript, react.js",Frontend Engineer,5,5,113.28997533519197,"scrum, javascript, spring, html, bootstrap, css, node.js, mongodb, less, lamp, bitbucket, sass, agile, ionic framework, docker, jira, ui, react.js, npm, rest api, scss, mysql, problem solving, microservices, front end, typescript, express.js, es2015, communication, polymer, api, nosql, teamwork, ionic2, public speaking, mean, lodash, es6, travis ci, material design, object oriented design, websockets, progressive web apps, es7, yarn, fast learning, full stack, angular, php, java, jquery, git, aws, react native",672499
21,3020,Senior Front End Engineer,"angular, css, html, javascript, react.js",Senior Software Engineer,5,5,114.52734795030167,"javascript, html, json, css, node.js, mongodb, agile, react.js, npm, agile methodologies, spring boot, rest api, webpack, nlp, redux, angular, java, rasa, dialogflow",676985
12,3020,Senior Front End Engineer,"angular, css, html, javascript, react.js",Senior Frontend Engineer,5,4,121.07051962908331,"android, azure, javascript, python, laravel, html5, postgresql, ios, css3, node.js, mongodb, design patterns, agile, docker, react.js, rest api, microservices, typescript, express.js, redis, mobile development, management, strategic planning, algorithms, mongoose, mentoring, data structures, lead developer, graphql, angular, php, java, git, aws, react native, html",681519
10,3020,Senior Front End Engineer,"angular, css, html, javascript, react.js",Senior Frontend Engineer,5,5,124.01496407352775,"javascript, python, html, css, node.js, react.js, scss, django, redux, es6, electron.js, angular",676032
67,3009,Senior Mobile App Developer,"dart, ionic framework, javascript, kotlin, nativescript, swift",Mobile Application Developer,6,3,97.97747982372506,"android, sql, javascript, python, swift, ios, mongodb, ux, ui, front end, kotlin, backend development, java",678763
66,3009,Senior Mobile App Developer,"dart, ionic framework, javascript, kotlin, nativescript, swift",Mobile Application Developer,6,3,97.97747982372506,"android, javascript, html5, swift, ios, cordova, ionic framework, typescript, angular, php, java, jquery, aws",661610
70,3009,Senior Mobile App Developer,"dart, ionic framework, javascript, kotlin, nativescript, swift",iOS Mobile Developer,6,2,96.55057601505743,"javascript, english, html5, json, swift, ios, node.js, ux, rest api, design thinking, front end, firebase, mobile development, heroku, cocoa, cocoapods, xcode, alamofire, agile and kanban process, git flow, git, react native",642616
71,3009,Senior Mobile App Developer,"dart, ionic framework, javascript, kotlin, nativescript, swift",Senior Mobile application developer,6,2,96.54790590883118,"android, swift, ios, node.js, objective-c, kotlin, java, aws",667818
39,3009,Senior Mobile App Developer,"dart, ionic framework, javascript, kotlin, nativescript, swift",Senior Mobile App Developer,6,2,109.69696969696969,"android, azure, sql, sql server, scrum, javascript, laravel, mvc, html5, bootstrap, json, postgresql, hibernate, swift, ios, agile development methodology, node.js, design patterns, oop, cordova, visual studio, github, bitbucket, svn, web services, agile, docker, web api, jenkins, oracle db, soa, agile methodologies, sharepoint, rest api, xamarin, my sql, database design, software architecture, continuous integration, ASP.Net MVC, typescript, nosql, rabbit mq, mvvm, xcode, entity framework, mobile applications, android api, algorithms, nosql databases, c#, visual studio code, xamarin forms, ios native framework, ASP.Net Core, continuous delivery, web applications, mobile application development, android studio, angular, php, java, jquery, git, .net, react native",664882
46,3009,Senior Mobile App Developer,"dart, ionic framework, javascript, kotlin, nativescript, swift",Senior Mobile Apps Developer,6,1,102.90205506938642,"scrum, json, swift, ios, objective-c, jira, xamarin, gis, sqlite, realm, mvvm, cocoapods, zeplin, uikit, c#, xamarin forms, coredata, foundation, avfoundation, mobile application development, git",646330
68,3009,Senior Mobile App Developer,"dart, ionic framework, javascript, kotlin, nativescript, swift",Senior Mobile Developer,6,1,97.06623862918076,"android, sql, swift, ios, objective-c, realm, rxandroid, java platform, php, react native",677865
52,3009,Senior Mobile App Developer,"dart, ionic framework, javascript, kotlin, nativescript, swift",Senior Mobile Developer,6,2,101.73290529584742,"android, azure, swift, actionscript 3, ionic framework, Big Data, rest api, xamarin, cloud computing, c#, xamarin forms, angular, php, java, .net",641989
72,3009,Senior Mobile App Developer,"dart, ionic framework, javascript, kotlin, nativescript, swift",Mobile Apps Developer,6,2,96.51539647479487,"android, json, android api, kotlin, dart, android studio, git",662588
69,3009,Senior Mobile App Developer,"dart, ionic framework, javascript, kotlin, nativescript, swift",FULL STACK  DEVELOPER/MOBILE DEVELOPER,6,4,96.87862287832642,"android, sql, javascript, unity, laravel, c++, mvc, html, bootstrap, json, postgresql, swift, css, node.js, mongodb, design patterns, oop, lamp, jboss, wamp, junit, maven, agile, ionic framework, unix, react.js, oracle db, rest api, sql and oracle pl/sql developer, jms, game development, mysql, express.js, drupal, firebase, game design, artificial intelligence, api, machine learning, rabbit mq, app design, oauth2, android api, kotlin, signalr, gradle, symphony, c#, oracle soa suite, saas, unix system administration, android volley api, unit testing, ec2, agile & waterfall methodologies, fast learning, wordpress,  php,joomla,magneto,bootstrap, ajax, linux, xampp, relational database, mobile application development, angular, php, java, jquery, git, aws",662707
0,3022,Software Developer,"angular, javascript, react.js",Software Developer,3,3,129.34782608695653,"tdd, sql server, scrum, javascript, python, laravel, english, html5, bootstrap, postgresql, windows server, node.js, excel, ionic framework, docker, react.js, analytics, kanban, Big Data, oracle application-plsql, composer and npm, team leadership, django, my sql, technical documentations, technical skills, support developers, machine learning, business analysis, ubuntu server, support analyst, scikit-learn, sqlalchemy, tableau desktop, django rest, wordpress,  php,joomla,magneto,bootstrap, customer relationship, linux, angular, php, jquery, sap",656890
4,3022,Software Developer,"angular, javascript, react.js",Software Developer,3,3,129.0,"sql server, scrum, javascript, spring, weblogic, html5, bootstrap, jsf, hibernate, css3, node.js, mongodb, cordova, svn, maven, docker, jenkins, react.js, rest api, sonar, heroku, jasper reports, wicket, bamboo, eclipse, angular, php, java, jquery, git",676060
5,3022,Software Developer,"angular, javascript, react.js",Software Developer,3,3,129.0,"tdd, sql server, windows forms, javascript, python, hibernate, wpf, node.js, mongodb, visual studio, react.js, rest api, django, tfs, ASP.Net MVC, knockoutjs, machine learning, entity framework, algorithms, c#, tsql, linq, data structures, nunit, angular, java, jquery, git, aws, .net",644431
2,3022,Software Developer,"angular, javascript, react.js",Software Developer,3,3,129.16666666666666,"elixir, tdd, javascript, python, laravel, c++, html, postgresql, css, node.js, mongodb, docker, react.js, r programming, vue.js, django, mysql, phoenix framework, centos, jade, sqlite, cloud computing, flask, machine learning, ubuntu server, webpack, grunt; gulp, redux, jenkins - basic, ffmpeg, tensorflow, eclipse, angular, php, java, react native",680092
6,3022,Software Developer,"angular, javascript, react.js",Software developer,3,3,128.84615384615384,"android, javascript, html5, postgresql, hibernate, netbeans, css3, node.js, mongodb, windows, github, junit, react.js, tomcat server, spring boot, my sql, mochajs, redux, ajax, linux, eclipse, angular, php, java, jquery, git",643475
7,3022,Software Developer,"angular, javascript, react.js",Software Developer,3,3,128.84615384615384,"javascript, python, html, bootstrap, postgresql, css, node.js, mongodb, react.js, typescript, express.js, meteor, elasticsearch, webpack, mochajs, mongoose, redux, chai, pyramid, sqlalchemy, unit testing, sequelize, graphql, angular, jest, enzyme",681988
8,3022,Software Developer,"angular, javascript, react.js",Software Developer,3,3,128.75,"sql, sql server, javascript, postgresql, node.js, mongodb, github, bitbucket, agile, docker, jira, react.js, mysql, typescript, nosql, ionic2, mobile applications, c#, ci/cd automation, angular, git, aws, .net, .net core",636188
9,3022,Software Developer,"angular, javascript, react.js",Software developer,3,3,128.75,"sql, sql server, scrum, javascript, wcf, xml, web services, software development, web api, react.js, tfs, business analysis, entity framework, redux, c#, ASP.Net Core, tsql, linq, ssis, requirements analysis, angular, jquery, git, .net",671935
1,3022,Software Developer,"angular, javascript, react.js",Software Developer,3,3,129.28571428571428,"android, sql, sql server, javascript, python, mvc, wcf, html, bootstrap, json, postgresql, node.js, materialize, mongodb, visual studio, github, web api, bash script, web forms, react.js, spring boot, mysql, ASP.Net MVC, typescript, sqlite, nosql, nessus, webpack, entity framework, kotlin, mongoose, c#, visual studio code, es6, ASP.Net Core, linq, android studio, angular, jquery, git, .net, .net core",674569
3,3022,Software Developer,"angular, javascript, react.js",Software Developer,3,3,129.11764705882354,"android, sql, sql server, scrum, javascript, uml, postgresql, jsf, jsp, hibernate, ireport, web development, node.js, crystal reports, spring mvc, web services, servlets, maven, software development, react.js, bower, oracle db, programming, agile methodologies, spring boot, spring data, government, kotlin, web applications, angular, php, java, jquery, git",676391
64,3015,Sr Backend Developer (Python),"aws, continuos deployment, continuous integration, postgresql, python, sql",DevOps Architect / Engineer,6,5,98.16396139259327,"python, postgresql, automation, mongodb, apache, tomcat, maven, ansible, vagrant, jenkins, devops, mac os, vmware, virtualization, nginx, shell script, microservices, continuous integration, centos, gitlab, amazon web services, elasticsearch, red hat, ubuntu server, continuos deployment, lambda expressions, graylog, jvm, configuration management, rds, gradle, puppet, dynamo db, bamboo, aws redshift, continuous delivery, kinesis, ec2, linux, containerization, java, git, aws",672343
65,3015,Sr Backend Developer (Python),"aws, continuos deployment, continuous integration, postgresql, python, sql",Technical Leader / Senior Backend Developer,6,5,98.09883162560011,"tdd, sql, sql server, scrum, javascript, html5, json, postgresql, css3, node.js, windows, oop, visual studio, github, bitbucket, subversion, ionic framework, docker, jira, devops, iis, mac os, react.js, kanban, oracle db, orm, agile methodologies, trello, tomcat server, weblogic server, spring boot, rest api, nginx, team leadership, my sql, microservices, front end, go lang, continuous integration, express.js, gitlab, redis, extjs, elasticsearch, api, sublime text, loopback, nosql, hapi.js, continuos deployment, entity framework, haproxy, lodash, nosql databases, redux, c#, visual studio code, ssh, kafka, dynamo db, cron, postman, unit testing, swagger, kinesis, sequelize, koajs, queues, kubernetes, web applications, linux, backend development, relational database, ci/cd automation, angular, java, jquery, git, aws, .net, react native",681692
48,3015,Sr Backend Developer (Python),"aws, continuos deployment, continuous integration, postgresql, python, sql",Python Software Engineer ,6,6,102.23120991187089,"sql, scrum, python, uml, postgresql, pl/sql, mongodb, google analytics, github, bitbucket, software development, docker, devops, data analysis, oracle db, agile methodologies, agile project management, entrepreneurship, rest api, shell script, team leadership, django, my sql, continuous integration, gamification, business intelligence, open source, google app engine, management, strategic planning, cassandra, heroku, flask, nosql, pentaho, continuos deployment, tornado, digital ocean, team management, solr, business management, project management, amazon ec2, java, jquery, git, aws",640107
51,3015,Sr Backend Developer (Python),"aws, continuos deployment, continuous integration, postgresql, python, sql",Senior Full Stack Developer,6,5,101.73663808187784,"sql, sql server, scrum, javascript, python, uml, java patterns, c++, html, jsf, jsp, jpa, pl/sql, itil, oop, junit, j2ee, web services, agile, xsd, react.js, oracle db, soa, agile methodologies, agile project management, rest api, bpm, team leadership, mysql, database design, problem solving, e-commerce, continuous integration, leadership, mba, architecture, jstl, cvs, cloud computing, usability testing, nosql, object oriented analysis and design, continuos deployment, product management, oracle forms, oracle reports, enterprise architecture, algorithms, bluemix, jax-ws, people management, ibm integration bus, web applications, full stack, linux, filenet, ibm filenet, backend development, project management, angular, java, aws",677086
53,3015,Sr Backend Developer (Python),"aws, continuos deployment, continuous integration, postgresql, python, sql",Senior Full Stack Developer,6,5,101.59969346836597,"sql, javascript, mvc, html, json, postgresql, css, materialize, mongodb, design patterns, oop, pdo, less / sass, apache, ionic framework, jira, single-­page applications, databases, rest api, vue.js, team leadership, mysql, microservices, continuous integration, firebase, amazon web services, startups, code review, clean code, webpack, continuos deployment, material ui, team player, es6, bugs, object oriented design, unit testing, jquery ui, cryptography and network security, data structures, web applications, sdlc practices, customer relationship, crossplatform, angular, php, jquery, git, aws, experience working for a startup company, flutter, ci/cd, flutter",669522
54,3015,Sr Backend Developer (Python),"aws, continuos deployment, continuous integration, postgresql, python, sql",Senior Full Stack Developer,6,5,101.5014230281144,"sql, sql server, scrum, javascript, python, wordpress, mvc, html, json, postgresql, css, agile development methodology, pl/sql, node.js, less, agile, docker, web api, react.js, npm, agile methodologies, rest api, mysql, problem solving, go lang, continuous integration, tfs, typescript, express.js, redis, elasticsearch, continuos deployment, nosql databases, redux, c#, test-driven development (tdd), es6, ASP.Net Core, unit testing, continuous delivery, kubernetes, asp.net ajax control toolkit, angular, php, jquery, git, .net, react native",645380
57,3015,Sr Backend Developer (Python),"aws, continuos deployment, continuous integration, postgresql, python, sql",AWS Certified DevOps Engineer,6,6,101.10122358175751,"tdd, sql, javascript, python, c++, english, html5, json, postgresql, web development, mongodb, oop, web services, software development, software engineering, agile, docker, jenkins, devops, databases, agile methodologies, Big Data, data science, team leadership, software developer, problem solving, microservices, software architecture, continuous integration, leadership, technical documentations, management, cloud computing, api, etl, nosql, continuos deployment, team management, technical support, rds, redshift, c#, test-driven development (tdd), dynamo db, continuous delivery, kinesis, oriented object, ec2, kubernetes, web applications, sdlc practices, full stack, backend development, spanish - mother tongue, project management, database design, php, java, git, aws, dataops, mysql",681234
61,3015,Sr Backend Developer (Python),"aws, continuos deployment, continuous integration, postgresql, python, sql",Python Backend Developer,6,2,100.69811811828627,"sql, javascript, python, socket.io, docker, bash script, nginx, selenium, redis, celery, flask, rabbit mq, ubuntu server, gunicorn, sqlalchemy, linux, jquery",680930
63,3015,Sr Backend Developer (Python),"aws, continuos deployment, continuous integration, postgresql, python, sql",Font End Developer,6,5,98.39485218702993,"sql, javascript, python, html5, css3, html5, css, sql, javascript, javascript, html, sql, css, python",661491
14,3015,Sr Backend Developer (Python),"aws, continuos deployment, continuous integration, postgresql, python, sql",Backend Developer | Python,6,6,120.40170554357681,"sql, javascript, python, html, bootstrap, postgresql, css, node.js, mongodb, docker, data analysis, rest api, shell script, django, mysql, microservices, continuous integration, redis, cloud computing, api, celery, flask, nosql, rabbit mq, continuos deployment, rds, integration test, unit testing, continuous delivery, ec2, linux, git flow, jquery, git, aws, drf, pytest, djangorest framework, djangorest framework",634620
96,2957,Sr Backend Engineer (Java),"clean code, ddd, distributed systems development, java, microservices, startups",Backend Engineer,6,2,89.06334711128473,"ddd, javascript, spring, postgresql, mongodb, design patterns, rest api, shell script, redis, architecture, rabbit mq, php, java",641563
97,2957,Sr Backend Engineer (Java),"clean code, ddd, distributed systems development, java, microservices, startups",Back-End Software Engineer,6,2,89.02874902874902,"tdd, sql, scrum, javascript, unity, wordpress, testing, html, json, unity 2d, css, agile development methodology, automation, node.js, mongodb, windows, excel, xml, oop, cordova, visual studio, github, agile, ionic framework, docker, test planning and test script, jira, bash script, devops, data analysis, agile methodologies, rest api, game development, database design, microservices, computer engineer, continuous integration, ASP.Net MVC, typescript, gitlab, firebase, game design, architecture, sonar, computer science, sublime text, facebook graph api, cost-benefit analysis, cost control, startups, nosql, documentation, google cloud message, product management, xcode, production support, hybrid app, deploy, test automation, test case, microsoft excel, product owner, algorithms, nosql databases, c#, google api's, game mechanics, mobile company, test-driven development (tdd), ASP.Net Core, bootstrap - basic, linq, partnership, git repository, unit testing, continuous delivery, latex, youtube api, google play services, sublime text 3, oriented object, unity3d - basic, mobile hibrid dev, experience in the technology industry., unity ios, mobile development, cordova framework, tdd - intermediate, json, linux, backend development, graphql, angular, automated testing, git, .net, automation anywhere, experience working for a startup company, wordpress",671992
93,2957,Sr Backend Engineer (Java),"clean code, ddd, distributed systems development, java, microservices, startups",Backend Software Engineer,6,2,89.64942769736531,"sql, spring, postgresql, hibernate, jpa, spring batch, oracle db, spring boot, rest api, spring data, microservices, rabbit mq, spring integration, test automation, mesos, integration test, unit testing, linux, relational database, java, aws",664437
85,2957,Sr Backend Engineer (Java),"clean code, ddd, distributed systems development, java, microservices, startups",Senior Java Engineer,6,2,90.50115902332882,"android, tdd, scrum, spring, html5, json, postgresql, hibernate, netbeans, soap, tomcat, web services, docker, oracle db, spring boot, gradle, ant, maven knowledge, nginx, spring data, my sql, microservices, spring jdbc, rabbit mq, oauth2, kotlin, kafka, spring cloud, intellij, swagger, linux, android studio, angular, php, java, git, aws",664509
88,2957,Sr Backend Engineer (Java),"clean code, ddd, distributed systems development, java, microservices, startups",Senior Java Engineer,6,2,90.47027099244079,"javascript, spring, bootstrap, postgresql, hibernate, design patterns, scala, junit, docker, jenkins, devops, rest api, microservices, selenium, redis, google app engine, cassandra, api, thymeleaf, nosql, spark, mockito, activemq, oauth2, ldap, gradle, apache tomcat, kafka, swagger, liquibase, kubernetes, web applications, java, jquery, aws",676401
80,2957,Sr Backend Engineer (Java),"clean code, ddd, distributed systems development, java, microservices, startups",Senior Java Backend Developer,6,2,91.46218574187115,"sql, spring, java patterns, json, postgresql, hibernate, jpa, soap, mongodb, xml, jboss, github, junit, tomcat, web services, maven, docker, oracle db, spring boot, rest api, mysql, microservices, object orientation, gitlab, jvm, oracle pl/sql, gradle, xml/schema design, oriented object, java, git",661036
79,2957,Sr Backend Engineer (Java),"clean code, ddd, distributed systems development, java, microservices, startups",Java Backend Software Engineer,6,1,91.84040639625874,"ruby on rails, scrum, spring, html, node.js, mongodb, junit, docker, jenkins, spring boot, mysql, chef, elasticsearch, cassandra, rabbit mq, cucumber, swagger, netflix oss, java, git",644350
98,2957,Sr Backend Engineer (Java),"clean code, ddd, distributed systems development, java, microservices, startups",Senior Software Engineer,6,5,87.76120062716564,"tdd, ddd, sql server, scrum, javascript, nhibernate, html, postgresql, hibernate, css, node.js, mongodb, design patterns, maven, software engineering, docker, ux, react.js, spring boot, rest api, mysql, microservices, software architecture, leadership, express.js, redis, aurelia, distributed systems development, clean code, entity framework, c#, es6, ASP.Net Core, kafka, lean mindset, java, jquery, git, .net",675050
92,2957,Sr Backend Engineer (Java),"clean code, ddd, distributed systems development, java, microservices, startups",Backend Software Engineer,6,2,89.83257788051549,"javascript, spring, scala, software development, agile, clojure, databases, microservices, go lang, rabbit mq, lua, kotlin, nosql databases, reactivex (rxjava, rxphp, rxswift), reactor, c#, test-driven development (tdd), backend development, corona sdk, ci/cd automation, java, git, aws, .net",672916
99,2957,Sr Backend Engineer (Java),"clean code, ddd, distributed systems development, java, microservices, startups",Software Engineer / Backend Developer,6,3,87.63776214169694,"sql, ruby on rails, sql server, spring, postgresql, github, web services, agile, docker, agile methodologies, rest api, microservices, redis, heroku, distributed systems development, rabbit mq, rspec, unit testing, linux, backend development, elk stack, java, git, aws, ruby",664917
